{
    "hyperparameters": {
        "model": "ESM2 + CNN",
        "esm_model": "esm2_t6_8M_UR50D",
        "device": "cuda",
        "dataset": "solubility",
        "num_classes": 2,
        "learning_rate": 0.0001,
        "esm_learning_rate": 1e-06,
        "epochs": 10,
        "early_stopping_patience": 5,
        "classifier_head": "cnn",
        "unfreeze_all_esm": true,
        "unfreeze_esm": false,
        "unfreeze_layers": 0,
        "fine_tuning_strategy": "full_backbone",
        "embedding_dim": 320,
        "cnn_num_filters": 64,
        "cnn_kernel_sizes": [
            3,
            5,
            7
        ]
    },
    "summary": {
        "best_val_loss": 0.45650761577081844,
        "best_val_accuracy": 0.7731201382886776,
        "best_val_f1": 0.7629040932403537,
        "best_val_precision": 0.7758541127302898,
        "best_val_recall": 0.7595651355799209,
        "final_train_loss": 0.44948719339624105,
        "final_train_accuracy": 0.782835558116457,
        "final_train_f1": 0.7743233879488969,
        "final_train_precision": 0.7782457160379521,
        "final_train_recall": 0.771821964564203,
        "final_val_loss": 0.4693634076009629,
        "final_val_accuracy": 0.7667819072313454,
        "final_val_f1": 0.7504288072681675,
        "final_val_precision": 0.7706333924241497,
        "final_val_recall": 0.7448195631387143,
        "best_epoch": 8,
        "epochs_trained": 10
    },
    "epochs": [
        {
            "epoch": 1,
            "train_loss": 0.5595735719105498,
            "train_accuracy": 0.6945324754313519,
            "train_f1": 0.6811691322528702,
            "train_precision": 0.6854045427319009,
            "train_recall": 0.6792509636123307,
            "val_loss": 0.4941999472694875,
            "val_accuracy": 0.7483434168827428,
            "val_f1": 0.7387392186907816,
            "val_precision": 0.7418120520180236,
            "val_recall": 0.7367858485377439
        },
        {
            "epoch": 2,
            "train_loss": 0.5117310130460696,
            "train_accuracy": 0.7405166618649764,
            "train_f1": 0.7301037222296314,
            "train_precision": 0.7338153453623406,
            "train_recall": 0.7279387860340127,
            "val_loss": 0.4739492418424737,
            "val_accuracy": 0.7585710169979832,
            "val_f1": 0.7453460641419837,
            "val_precision": 0.7561624024851119,
            "val_recall": 0.741153650701271
        },
        {
            "epoch": 3,
            "train_loss": 0.4985502898688315,
            "train_accuracy": 0.7490316591440187,
            "train_f1": 0.7385040766787166,
            "train_precision": 0.7430627364146973,
            "train_recall": 0.735974879484425,
            "val_loss": 0.46572287749361746,
            "val_accuracy": 0.7664938058196485,
            "val_f1": 0.7558876604192999,
            "val_precision": 0.7622895214763588,
            "val_recall": 0.7526055469342353
        },
        {
            "epoch": 4,
            "train_loss": 0.48853509299333053,
            "train_accuracy": 0.7554339127372836,
            "train_f1": 0.7453513932580504,
            "train_precision": 0.7497213592019902,
            "train_recall": 0.7428398937440728,
            "val_loss": 0.4648664473869284,
            "val_accuracy": 0.7695188706424662,
            "val_f1": 0.7522252259133437,
            "val_precision": 0.7758541127302898,
            "val_recall": 0.7462374657215405
        },
        {
            "epoch": 5,
            "train_loss": 0.4790837700942605,
            "train_accuracy": 0.7610038733634239,
            "train_f1": 0.7514812219670138,
            "train_precision": 0.7553740489605792,
            "train_recall": 0.7491158085993197,
            "val_loss": 0.46048412328234056,
            "val_accuracy": 0.766637856525497,
            "val_f1": 0.7571520685620802,
            "val_precision": 0.7614472724959178,
            "val_recall": 0.7545905081468276
        },
        {
            "epoch": 6,
            "train_loss": 0.4731732872098913,
            "train_accuracy": 0.7669259579371939,
            "train_f1": 0.7570479460257604,
            "train_precision": 0.762099708881853,
            "train_recall": 0.7542032476593847,
            "val_loss": 0.48593584615908875,
            "val_accuracy": 0.7680783635839815,
            "val_f1": 0.7537960576952307,
            "val_precision": 0.7688227069745848,
            "val_recall": 0.7487240754149576
        },
        {
            "epoch": 7,
            "train_loss": 0.4656338457123075,
            "train_accuracy": 0.7713435129165466,
            "train_f1": 0.7622823389404998,
            "train_precision": 0.7662307181341876,
            "train_recall": 0.7598329734237186,
            "val_loss": 0.46290176356219886,
            "val_accuracy": 0.7673581100547393,
            "val_f1": 0.7575391565115344,
            "val_precision": 0.7625112220100555,
            "val_recall": 0.7547187256925347
        },
        {
            "epoch": 8,
            "train_loss": 0.46078434905726534,
            "train_accuracy": 0.7744486059092801,
            "train_f1": 0.7655500444446764,
            "train_precision": 0.7694679169758922,
            "train_recall": 0.7630960245840684,
            "val_loss": 0.45650761577081844,
            "val_accuracy": 0.7731201382886776,
            "val_f1": 0.7629040932403537,
            "val_precision": 0.7692668264378879,
            "val_recall": 0.7595651355799209
        },
        {
            "epoch": 9,
            "train_loss": 0.4515868170802194,
            "train_accuracy": 0.7792663017382119,
            "train_f1": 0.7703737934235657,
            "train_precision": 0.7747137425499768,
            "train_recall": 0.767714488040809,
            "val_loss": 0.46356642714911894,
            "val_accuracy": 0.7702391241717085,
            "val_f1": 0.7567455470883816,
            "val_precision": 0.7702122847945271,
            "val_recall": 0.7518517728369103
        },
        {
            "epoch": 10,
            "train_loss": 0.44948719339624105,
            "train_accuracy": 0.782835558116457,
            "train_f1": 0.7743233879488969,
            "train_precision": 0.7782457160379521,
            "train_recall": 0.771821964564203,
            "val_loss": 0.4693634076009629,
            "val_accuracy": 0.7667819072313454,
            "val_f1": 0.7504288072681675,
            "val_precision": 0.7706333924241497,
            "val_recall": 0.7448195631387143
        }
    ],
    "train_loss": [
        0.5595735719105498,
        0.5117310130460696,
        0.4985502898688315,
        0.48853509299333053,
        0.4790837700942605,
        0.4731732872098913,
        0.4656338457123075,
        0.46078434905726534,
        0.4515868170802194,
        0.44948719339624105
    ],
    "train_scores": {
        "train_accuracy": [
            0.6945324754313519,
            0.7405166618649764,
            0.7490316591440187,
            0.7554339127372836,
            0.7610038733634239,
            0.7669259579371939,
            0.7713435129165466,
            0.7744486059092801,
            0.7792663017382119,
            0.782835558116457
        ],
        "train_f1": [
            0.6811691322528702,
            0.7301037222296314,
            0.7385040766787166,
            0.7453513932580504,
            0.7514812219670138,
            0.7570479460257604,
            0.7622823389404998,
            0.7655500444446764,
            0.7703737934235657,
            0.7743233879488969
        ],
        "train_precision": [
            0.6854045427319009,
            0.7338153453623406,
            0.7430627364146973,
            0.7497213592019902,
            0.7553740489605792,
            0.762099708881853,
            0.7662307181341876,
            0.7694679169758922,
            0.7747137425499768,
            0.7782457160379521
        ],