{
    "best_val_loss": 0.45268842787374547,
    "best_val_accuracy": 0.773552290406223,
    "best_val_f1": 0.7606148527646754,
    "best_val_precision": 0.7743896235801857,
    "best_val_recall": 0.7573914535005524,
    "final_train_loss": 0.4488169499018281,
    "final_train_accuracy": 0.7760331636736131,
    "final_train_f1": 0.7665960160951273,
    "final_train_precision": 0.7716985666907878,
    "final_train_recall": 0.7636615153645556,
    "final_val_loss": 0.45275550194874337,
    "final_val_accuracy": 0.773552290406223,
    "final_val_f1": 0.759923695290847,
    "final_val_precision": 0.7743896235801857,
    "final_val_recall": 0.754792754791304,
    "epochs_completed": 10
}