{
    "hyperparameters": {
        "model": "ESM2 + CNN",
        "esm_model": "esm2_t6_8M_UR50D",
        "device": "cuda",
        "dataset": "localization",
        "num_classes": 10,
        "learning_rate": 0.001,
        "esm_learning_rate": 1e-05,
        "epochs": 10,
        "early_stopping_patience": 5,
        "classifier_head": "cnn",
        "unfreeze_all_esm": false,
        "unfreeze_esm": false,
        "unfreeze_layers": 0,
        "fine_tuning_strategy": "frozen_backbone",
        "embedding_dim": 320,
        "cnn_num_filters": 64,
        "cnn_kernel_sizes": [
            3,
            5,
            7
        ]
    },
    "summary": {
        "best_val_loss": 0.7709267397030172,
        "best_val_accuracy": 0.7463536108146567,
        "best_val_f1": 0.5816988503613129,
        "best_val_precision": 0.592576274073266,
        "best_val_recall": 0.582915419023742,
        "final_train_loss": 0.7240876233526833,
        "final_train_accuracy": 0.7668646080760095,
        "final_train_f1": 0.5743637388498952,
        "final_train_precision": 0.6225119218301606,
        "final_train_recall": 0.5774805522369826,
        "final_val_loss": 0.7854055390926078,
        "final_val_accuracy": 0.7463536108146567,
        "final_val_f1": 0.5816988503613129,
        "final_val_precision": 0.592576274073266,
        "final_val_recall": 0.582915419023742,
        "best_epoch": 9,
        "epochs_trained": 10
    },
    "epochs": [
        {
            "epoch": 1,
            "train_loss": 1.358154868717664,
            "train_accuracy": 0.527790973871734,
            "train_f1": 0.3072295250958063,
            "train_precision": 0.338372932446651,
            "train_recall": 0.3182393459139652,
            "val_loss": 0.9809664678336545,
            "val_accuracy": 0.6374955531839203,
            "val_f1": 0.37440953882791206,
            "val_precision": 0.36245319749870986,
            "val_recall": 0.40783802023266436
        },
        {
            "epoch": 2,
            "train_loss": 1.0428090322289114,
            "train_accuracy": 0.632541567695962,
            "train_f1": 0.399237655544195,
            "train_precision": 0.4416941725654138,
            "train_recall": 0.4133771917183403,
            "val_loss": 0.9471742901845243,
            "val_accuracy": 0.6588402703664177,
            "val_f1": 0.40814659546564575,
            "val_precision": 0.45544563817941286,
            "val_recall": 0.4294022244879023
        },
        {
            "epoch": 3,
            "train_loss": 0.9752905384073673,
            "train_accuracy": 0.6701900237529691,
            "train_f1": 0.44702269586435933,
            "train_precision": 0.44496530910028814,
            "train_recall": 0.45920186018791825,
            "val_loss": 0.8870326565493915,
            "val_accuracy": 0.688011383849164,
            "val_f1": 0.44400740231491,
            "val_precision": 0.485191660241126,
            "val_recall": 0.46251997584838056
        },
        {
            "epoch": 4,
            "train_loss": 0.926041668517766,
            "train_accuracy": 0.6902612826603325,
            "train_f1": 0.4723981346789155,
            "train_precision": 0.4634398246648403,
            "train_recall": 0.4855718966606214,
            "val_loss": 0.8660190678624944,
            "val_accuracy": 0.7054429028815368,
            "val_f1": 0.49029745066224467,
            "val_precision": 0.501942611644733,
            "val_recall": 0.49400441214241014
        },
        {
            "epoch": 5,
            "train_loss": 0.8864364910453728,
            "train_accuracy": 0.6977434679334917,
            "train_f1": 0.483457253832457,
            "train_precision": 0.47175426565823947,
            "train_recall": 0.4975874216648976,
            "val_loss": 0.8216496495191347,
            "val_accuracy": 0.7235859124866596,
            "val_f1": 0.5114275383513842,
            "val_precision": 0.5118994518468544,
            "val_recall": 0.5192995633573577
        },
        {
            "epoch": 6,
            "train_loss": 0.8426438074353977,
            "train_accuracy": 0.7156769596199525,
            "train_f1": 0.5019236619963268,
            "train_precision": 0.5885011325015312,
            "train_recall": 0.5162824474706985,
            "val_loss": 0.8649490055995557,
            "val_accuracy": 0.7239416577730345,
            "val_f1": 0.5126800179122498,
            "val_precision": 0.5005689700617688,
            "val_recall": 0.5279258892479675
        },
        {
            "epoch": 7,
            "train_loss": 0.8223520427009187,
            "train_accuracy": 0.7242280285035629,
            "train_f1": 0.510190134297639,
            "train_precision": 0.5168668603560589,
            "train_recall": 0.5235388744098626,
            "val_loss": 0.8228505759880963,
            "val_accuracy": 0.7175382426182854,
            "val_f1": 0.5078744997626454,
            "val_precision": 0.5128944421796192,
            "val_recall": 0.5168153227093782
        },
        {
            "epoch": 8,
            "train_loss": 0.7869903099435104,
            "train_accuracy": 0.7408551068883611,
            "train_f1": 0.5259102960558162,
            "train_precision": 0.5342902884264477,
            "train_recall": 0.5410365528469161,
            "val_loss": 0.7962917427225462,
            "val_accuracy": 0.7303450729277837,
            "val_f1": 0.5195757783834873,
            "val_precision": 0.5223273302035009,
            "val_recall": 0.5284992629364516
        },
        {
            "epoch": 9,
            "train_loss": 0.760118715253003,
            "train_accuracy": 0.7514251781472684,
            "train_f1": 0.5518817191103007,
            "train_precision": 0.5976470035434229,
            "train_recall": 0.5582095428436464,
            "val_loss": 0.7709267397030172,
            "val_accuracy": 0.744574884382782,
            "val_f1": 0.5334304220317451,
            "val_precision": 0.5291092588749968,
            "val_recall": 0.5441710995435871
        },
        {
            "epoch": 10,
            "train_loss": 0.7240876233526833,
            "train_accuracy": 0.7668646080760095,
            "train_f1": 0.5743637388498952,
            "train_precision": 0.6225119218301606,
            "train_recall": 0.5774805522369826,
            "val_loss": 0.7854055390926078,
            "val_accuracy": 0.7463536108146567,
            "val_f1": 0.5816988503613129,
            "val_precision": 0.592576274073266,
            "val_recall": 0.582915419023742
        }
    ],
    "train_loss": [
        1.358154868717664,
        1.0428090322289114,
        0.9752905384073673,
        0.926041668517766,
        0.8864364910453728,
        0.8426438074353977,
        0.8223520427009187,
        0.7869903099435104,
        0.760118715253003,
        0.7240876233526833
    ],
    "train_scores": {
        "train_accuracy": [
            0.527790973871734,
            0.632541567695962,
            0.6701900237529691,
            0.6902612826603325,
            0.6977434679334917,
            0.7156769596199525,
            0.7242280285035629,
            0.7408551068883611,
            0.7514251781472684,
            0.7668646080760095
        ],
        "train_f1": [
            0.3072295250958063,
            0.399237655544195,
            0.44702269586435933,
            0.4723981346789155,
            0.483457253832457,
            0.5019236619963268,
            0.510190134297639,
            0.5259102960558162,
            0.5518817191103007,
            0.5743637388498952
        ],
        "train_precision": [
            0.338372932446651,
            0.4416941725654138,
            0.44496530910028814,
            0.4634398246648403,
            0.47175426565823947,
            0.5885011325015312,
            0.5168668603560589,
            0.5342902884264477,
            0.5976470035434229,
            0.6225119218301606
        ],