{
    "hyperparameters": {
        "model": "ESM2 + CNN",
        "esm_model": "esm2_t6_8M_UR50D",
        "device": "cuda",
        "dataset": "solubility",
        "num_classes": 2,
        "learning_rate": 0.001,
        "esm_learning_rate": 1e-05,
        "epochs": 10,
        "early_stopping_patience": 5,
        "classifier_head": "lstm",
        "unfreeze_esm": false,
        "unfreeze_layers": 0,
        "fine_tuning_strategy": "frozen_backbone",
        "embedding_dim": 320,
        "cnn_num_filters": 64,
        "cnn_kernel_sizes": [
            3,
            5,
            7
        ]
    },
    "summary": {
        "best_val_loss": 0.46826305267860263,
        "best_val_accuracy": 0.7598674733506194,
        "best_val_f1": 0.7521236580645928,
        "best_val_precision": 0.7595283763017975,
        "best_val_recall": 0.7511810308007986,
        "final_train_loss": 0.3724075444338416,
        "final_train_accuracy": 0.8149428598866801,
        "final_train_f1": 0.8074180549495862,
        "final_train_precision": 0.8124640086042909,
        "final_train_recall": 0.8042437285033007,
        "final_val_loss": 0.5250833953134201,
        "final_val_accuracy": 0.7551138000576203,
        "final_val_f1": 0.7393344097397849,
        "final_val_precision": 0.7553560551892164,
        "final_val_recall": 0.7345133045437653,
        "best_epoch": 3,
        "epochs_trained": 8
    },
    "epochs": [
        {
            "epoch": 1,
            "train_loss": 0.5204513859657258,
            "train_accuracy": 0.7185089151381286,
            "train_f1": 0.7059072287497574,
            "train_precision": 0.711003941638445,
            "train_recall": 0.7035147303954303,
            "val_loss": 0.48330161418370937,
            "val_accuracy": 0.7492077211178335,
            "val_f1": 0.739121357756244,
            "val_precision": 0.7429836388213789,
            "val_recall": 0.73684174370742
        },
        {
            "epoch": 2,
            "train_loss": 0.48476846237570315,
            "train_accuracy": 0.7475431351835846,
            "train_f1": 0.7342068345360021,
            "train_precision": 0.7436488833313568,
            "train_recall": 0.7304758210454825,
            "val_loss": 0.47002958674584666,
            "val_accuracy": 0.7539613944108327,
            "val_f1": 0.7419452173095473,
            "val_precision": 0.7496410821270021,
            "val_recall": 0.7384717065904671
        },
        {
            "epoch": 3,
            "train_loss": 0.46729535388160454,
            "train_accuracy": 0.7591792310893435,
            "train_f1": 0.746872838075431,
            "train_precision": 0.7558369581750135,
            "train_recall": 0.7430345349146127,
            "val_loss": 0.46826305267860263,
            "val_accuracy": 0.7542494958225295,
            "val_f1": 0.7395726838167223,
            "val_precision": 0.7528756380018478,
            "val_recall": 0.7350941876277108
        },
        {
            "epoch": 4,
            "train_loss": 0.4511763078550523,
            "train_accuracy": 0.7680303466820321,
            "train_f1": 0.7562502952020065,
            "train_precision": 0.7653261907506925,
            "train_recall": 0.7522458388937792,
            "val_loss": 0.47286860981295187,
            "val_accuracy": 0.7598674733506194,
            "val_f1": 0.7521236580645928,
            "val_precision": 0.7532761022910086,
            "val_recall": 0.7511810308007986
        },
        {
            "epoch": 5,
            "train_loss": 0.43355975592945356,
            "train_accuracy": 0.7793623355421109,
            "train_f1": 0.7689503233804356,
            "train_precision": 0.7765201586252478,
            "train_recall": 0.7651801031327978,
            "val_loss": 0.48856720002153503,
            "val_accuracy": 0.7526649380581965,
            "val_f1": 0.7445269221527331,
            "val_precision": 0.7458475276107706,
            "val_recall": 0.7434820898649257
        },
        {
            "epoch": 6,
            "train_loss": 0.41524028312915723,
            "train_accuracy": 0.7894778962194693,
            "train_f1": 0.7799984154067281,
            "train_precision": 0.7867257581223239,
            "train_recall": 0.7763795762515648,
            "val_loss": 0.49758322904324204,
            "val_accuracy": 0.7505041774704696,
            "val_f1": 0.7354884479922055,
            "val_precision": 0.7488709445743444,
            "val_recall": 0.7310966162941672
        },
        {
            "epoch": 7,
            "train_loss": 0.39485683832675333,
            "train_accuracy": 0.8019622907263356,
            "train_f1": 0.793461839023021,
            "train_precision": 0.7993975648750353,
            "train_recall": 0.7900144328184683,
            "val_loss": 0.514285931046108,
            "val_accuracy": 0.7587150677038318,
            "val_f1": 0.7430706568122785,
            "val_precision": 0.7595283763017975,
            "val_recall": 0.7380933688274772
        },
        {
            "epoch": 8,
            "train_loss": 0.3724075444338416,
            "train_accuracy": 0.8149428598866801,
            "train_f1": 0.8074180549495862,
            "train_precision": 0.8124640086042909,
            "train_recall": 0.8042437285033007,
            "val_loss": 0.5250833953134201,
            "val_accuracy": 0.7551138000576203,
            "val_f1": 0.7393344097397849,
            "val_precision": 0.7553560551892164,
            "val_recall": 0.7345133045437653
        }
    ],
    "train_loss": [
        0.5204513859657258,
        0.48476846237570315,
        0.46729535388160454,
        0.4511763078550523,
        0.43355975592945356,
        0.41524028312915723,
        0.39485683832675333,
        0.3724075444338416
    ],
    "train_scores": {
        "train_accuracy": [
            0.7185089151381286,
            0.7475431351835846,
            0.7591792310893435,
            0.7680303466820321,
            0.7793623355421109,
            0.7894778962194693,
            0.8019622907263356,
            0.8149428598866801
        ],
        "train_f1": [
            0.7059072287497574,
            0.7342068345360021,
            0.746872838075431,
            0.7562502952020065,
            0.7689503233804356,
            0.7799984154067281,
            0.793461839023021,
            0.8074180549495862
        ],
        "train_precision": [
            0.711003941638445,
            0.7436488833313568,
            0.7558369581750135,
            0.7653261907506925,
            0.7765201586252478,
            0.7867257581223239,
            0.7993975648750353,
            0.8124640086042909
        ],
        "train_recall": [
            0.7035147303954303,
            0.7304758210454825,
            0.7430345349146127,
            0.7522458388937792,
            0.7651801031327978,
            0.7763795762515648,
            0.7900144328184683,
            0.8042437285033007
        ]
    },
    "val_loss": [
        0.48330161418370937,
        0.47002958674584666,
        0.46826305267860263,
        0.47286860981295187,
        0.48856720002153503,
        0.49758322904324204,
        0.514285931046108,
        0.5250833953134201
    ],
    "val_scores": {
        "val_accuracy": [
            0.7492077211178335,
            0.7539613944108327,
            0.7542494958225295,
            0.7598674733506194,
            0.7526649380581965,
            0.7505041774704696,
            0.7587150677038318,
            0.7551138000576203
        ],
        "val_f1": [
            0.739121357756244,
            0.7419452173095473,
            0.7395726838167223,
            0.7521236580645928,
            0.7445269221527331,
            0.7354884479922055,
            0.7430706568122785,
            0.7393344097397849
        ],