{
  "hyperparameters": {
    "batch_size": 32,
    "num_epochs": 100,
    "shuffle": true,
    "dropout": 0.1,
    "patience": 10,
    "lr_patience": 3,
    "learning_rate": 0.0001,
    "embedding_dim": 512,
    "cnn_out_channels": 256,
    "hidden_dim": 512,
    "latent_dim": 256,
    "kernel_size": 5,
    "num_layers": 3,
    "bidirectional": true,
    "grad_clip": true,
    "condition_decoder_on_latent": true,
    "teacher_forcing_dropout_rate": 0.0,
    "use_decoder_positional_embeddings": false,
    "max_decoder_positions": 1024,
    "max_encoder_positions": 1024,
    "num_heads": 8,
    "dim_feedforward": 2048,
    "scheduler_factor": 0.1,
    "use_cnn_before_transformer": true
  },
  "curriculum": {
    "type": "none",
    "epochs": 0,
    "start_fraction": 0.2
  },
  "artifact_suffix": "transformer",
  "epochs": [
    {
      "epoch": 1,
      "train_loss": 2.778514045693078,
      "train_accuracy": 0.13526295664009394,
      "train_f1": 0.13518293342272225,
      "curriculum_fraction": 1.0,
      "curriculum_examples": 41746,
      "learning_rate": 0.0001,
      "grad_norm_pre_clip_mean": 0.9231100064127838,
      "grad_norm_pre_clip_max": 2.8530948162078857,
      "learning_rate_after_scheduler": 0.0001,
      "val_loss": 2.685863670971983,
      "val_accuracy": 0.1554540050823995
    },
    {
      "epoch": 2,
      "train_loss": 2.6178654344905556,
      "train_accuracy": 0.1696222822915521,
      "train_f1": 0.1709595803749284,
      "curriculum_fraction": 1.0,
      "curriculum_examples": 41746,
      "learning_rate": 0.0001,
      "grad_norm_pre_clip_mean": 2.1793136486148468,
      "grad_norm_pre_clip_max": 3.9713122844696045,
      "learning_rate_after_scheduler": 0.0001,
      "val_loss": 2.5622888548831506,
      "val_accuracy": 0.18080616270859182
    },
    {
      "epoch": 3,
      "train_loss": 2.532293033736829,
      "train_accuracy": 0.18609200374274687,
      "train_f1": 0.18689961860342996,
      "curriculum_fraction": 1.0,
      "curriculum_examples": 41746,
      "learning_rate": 0.0001,
      "grad_norm_pre_clip_mean": 3.115721928205527,
      "grad_norm_pre_clip_max": 4.901954650878906,
      "learning_rate_after_scheduler": 0.0001,
      "val_loss": 2.484193811033787,
      "val_accuracy": 0.19529339487531366
    },
    {
      "epoch": 4,
      "train_loss": 2.4898796704307156,
      "train_accuracy": 0.1930392031900712,
      "train_f1": 0.1936395550211014,
      "curriculum_fraction": 1.0,
      "curriculum_examples": 41746,
      "learning_rate": 0.0001,
      "grad_norm_pre_clip_mean": 3.8308010439306384,
      "grad_norm_pre_clip_max": 5.870503902435303,
      "learning_rate_after_scheduler": 0.0001,
      "val_loss": 2.4778725520195497,
      "val_accuracy": 0.19511985925662925
    },
    {
      "epoch": 5,
      "train_loss": 2.465315733106295,
      "train_accuracy": 0.1974130961642669,
      "train_f1": 0.19777266713946215,
      "curriculum_fraction": 1.0,
      "curriculum_examples": 41746,
      "learning_rate": 0.0001,
      "grad_norm_pre_clip_mean": 4.156721040937636,
      "grad_norm_pre_clip_max": 5.904912948608398,
      "learning_rate_after_scheduler": 0.0001,
      "val_loss": 2.4447155951539576,
      "val_accuracy": 0.2019625482209607
    },
    {
      "epoch": 6,
      "train_loss": 2.444817686292797,
      "train_accuracy": 0.20059335575068754,
      "train_f1": 0.20063079525728023,
      "curriculum_fraction": 1.0,
      "curriculum_examples": 41746,
      "learning_rate": 0.0001,
      "grad_norm_pre_clip_mean": 4.3085122945208205,
      "grad_norm_pre_clip_max": 6.086314678192139,
      "learning_rate_after_scheduler": 0.0001,
      "val_loss": 2.439844658883412,
      "val_accuracy": 0.20314338829292813
    },
    {
      "epoch": 7,
      "train_loss": 2.4191305127002924,
      "train_accuracy": 0.20526350098261667,
      "train_f1": 0.20489095768790597,
      "curriculum_fraction": 1.0,
      "curriculum_examples": 41746,
      "learning_rate": 0.0001,
      "grad_norm_pre_clip_mean": 4.414938242864792,
      "grad_norm_pre_clip_max": 6.4311842918396,
      "learning_rate_after_scheduler": 0.0001,
      "val_loss": 2.3775332831217995,
      "val_accuracy": 0.20966493662957925
    },
    {
      "epoch": 8,
      "train_loss": 2.3750095498766384,
      "train_accuracy": 0.21399403821732527,
      "train_f1": 0.21340886852599425,
      "curriculum_fraction": 1.0,
      "curriculum_examples": 41746,
      "learning_rate": 0.0001,
      "grad_norm_pre_clip_mean": 4.566122860561386,
      "grad_norm_pre_clip_max": 6.759365081787109,
      "learning_rate_after_scheduler": 0.0001,
      "val_loss": 2.3302114548771677,
      "val_accuracy": 0.22068544574718055
    },
    {
      "epoch": 9,
      "train_loss": 2.330632798299711,
      "train_accuracy": 0.22396670684646247,
      "train_f1": 0.2236671771488523,
      "curriculum_fraction": 1.0,
      "curriculum_examples": 41746,
      "learning_rate": 0.0001,
      "grad_norm_pre_clip_mean": 4.798750863130065,
      "grad_norm_pre_clip_max": 7.159763813018799,
      "learning_rate_after_scheduler": 0.0001,
      "val_loss": 2.294604163697043,
      "val_accuracy": 0.22861023900043484
    }
  ],
  "train_loss": [
    2.778514045693078,
    2.6178654344905556,
    2.532293033736829,
    2.4898796704307156,
    2.465315733106295,
    2.444817686292797,
    2.4191305127002924,
    2.3750095498766384,
    2.330632798299711
  ],
  "train_scores": {
    "accuracy": [
      0.13526295664009394,
      0.1696222822915521,
      0.18609200374274687,
      0.1930392031900712,
      0.1974130961642669,
      0.20059335575068754,
      0.20526350098261667,
      0.21399403821732527,
      0.22396670684646247
    ],
    "f1": [
      0.13518293342272225,
      0.1709595803749284,
      0.18689961860342996,
      0.1936395550211014,
      0.19777266713946215,
      0.20063079525728023,
      0.20489095768790597,
      0.21340886852599425,
      0.2236671771488523
    ]
  },
  "val_loss": [
    2.685863670971983,
    2.5622888548831506,
    2.484193811033787,
    2.4778725520195497,
    2.4447155951539576,
    2.439844658883412,
    2.3775332831217995,
    2.3302114548771677,
    2.294604163697043
  ],
  "val_scores": {
    "accuracy": [
      0.1554540050823995,
      0.18080616270859182,
      0.19529339487531366,
      0.19511985925662925,
      0.2019625482209607,
      0.20314338829292813,
      0.20966493662957925,
      0.22068544574718055,
      0.22861023900043484
    ]
  },
  "autoregressive_val": []
}