{
    "hyperparameters": {
        "model": "ESM2 + CNN",
        "esm_model": "esm2_t6_8M_UR50D",
        "device": "cuda",
        "dataset": "esm2_solubility_20260706_204839",
        "num_classes": 2,
        "learning_rate": 0.001,
        "esm_learning_rate": 1e-05,
        "epochs": 10,
        "early_stopping_patience": 5,
        "classifier_head": "cnn",
        "unfreeze_esm": false,
        "unfreeze_layers": 0,
        "fine_tuning_strategy": "frozen_backbone",
        "embedding_dim": 320,
        "cnn_num_filters": 64,
        "cnn_kernel_sizes": [
            3,
            5,
            7
        ]
    },
    "summary": {
        "best_val_loss": 0.4631348614181791,
        "best_val_accuracy": 0.7696629213483146,
        "best_val_f1": 0.7561786607104877,
        "best_val_precision": 0.7730847829758487,
        "best_val_recall": 0.7514529970691304,
        "final_train_loss": 0.43363510439513436,
        "final_train_accuracy": 0.7871570792919107,
        "final_train_f1": 0.7776946758410628,
        "final_train_precision": 0.7840923927026038,
        "final_train_recall": 0.7742084514701714,
        "final_val_loss": 0.47262988019786123,
        "final_val_accuracy": 0.7696629213483146,
        "final_val_f1": 0.7540891313134626,
        "final_val_precision": 0.7728850275377084,
        "final_val_recall": 0.7485163245896505,
        "best_epoch": 8,
        "epochs_trained": 10
    },
    "epochs": [
        {
            "epoch": 1,
            "train_loss": 0.5591622226598474,
            "train_accuracy": 0.6945324754313519,
            "train_f1": 0.6828463332299142,
            "train_precision": 0.6853202049399774,
            "train_recall": 0.6814216527674948,
            "val_loss": 0.49643265610466353,
            "val_accuracy": 0.7484874675885912,
            "val_f1": 0.7317096579664094,
            "val_precision": 0.7486767355322882,
            "val_recall": 0.7270149035296307
        },
        {
            "epoch": 2,
            "train_loss": 0.5242686752702149,
            "train_accuracy": 0.7267678222734403,
            "train_f1": 0.7151744325943703,
            "train_precision": 0.7195360741775856,
            "train_recall": 0.7128978749631041,
            "val_loss": 0.49103438703145846,
            "val_accuracy": 0.7565543071161048,
            "val_f1": 0.7440224604309804,
            "val_precision": 0.7530777763102684,
            "val_recall": 0.7402068462622559
        },
        {
            "epoch": 3,
            "train_loss": 0.5125223433505863,
            "train_accuracy": 0.7369474054867313,
            "train_f1": 0.7250758174049866,
            "train_precision": 0.730713424984167,
            "train_recall": 0.7223352204939016,
            "val_loss": 0.4855503569000877,
            "val_accuracy": 0.7518006338231057,
            "val_f1": 0.736105115232471,
            "val_precision": 0.7512580032012806,
            "val_recall": 0.731474356704199
        },
        {
            "epoch": 4,
            "train_loss": 0.5016824604492639,
            "train_accuracy": 0.7424213323089728,
            "train_f1": 0.7297964911117798,
            "train_precision": 0.7372678044349944,
            "train_recall": 0.7265430064093682,
            "val_loss": 0.47450295303549084,
            "val_accuracy": 0.7637568424085278,
            "val_f1": 0.7503275491464072,
            "val_precision": 0.762459035887137,
            "val_recall": 0.745799520666919
        },
        {
            "epoch": 5,
            "train_loss": 0.4910462780355949,
            "train_accuracy": 0.7518966676270047,
            "train_f1": 0.7397173463052633,
            "train_precision": 0.7474876053914736,
            "train_recall": 0.7362573385834283,
            "val_loss": 0.46686702925488693,
            "val_accuracy": 0.7650532987611639,
            "val_f1": 0.7533038236615067,
            "val_precision": 0.7618848523072181,
            "val_recall": 0.7494591182302308
        },
        {
            "epoch": 6,
            "train_loss": 0.48007706509051645,
            "train_accuracy": 0.7572105381094145,
            "train_f1": 0.7448319220023,
            "train_precision": 0.7536766689456273,
            "train_recall": 0.741051336233417,
            "val_loss": 0.48134608223416286,
            "val_accuracy": 0.7633246902909824,
            "val_f1": 0.7511246755465617,
            "val_precision": 0.7604307622913847,
            "val_recall": 0.7471430954744966
        },
        {
            "epoch": 7,
            "train_loss": 0.46965980773240745,
            "train_accuracy": 0.7640129325522584,
            "train_f1": 0.7528184553246291,
            "train_precision": 0.7601241525850273,
            "train_recall": 0.7493097112596132,
            "val_loss": 0.4751473476741171,
            "val_accuracy": 0.7682224142898301,
            "val_f1": 0.7544334450271988,
            "val_precision": 0.7682485689123735,
            "val_recall": 0.7495334460054794
        },
        {
            "epoch": 8,
            "train_loss": 0.4606226567155115,
            "train_accuracy": 0.7691827523288197,
            "train_f1": 0.7576788614823502,
            "train_precision": 0.7663087052683595,
            "train_recall": 0.7537624797762367,
            "val_loss": 0.4631348614181791,
            "val_accuracy": 0.7696629213483146,
            "val_f1": 0.7539746739436755,
            "val_precision": 0.7730847829758487,
            "val_recall": 0.7483693757618917
        },
        {
            "epoch": 9,
            "train_loss": 0.4451751951695862,
            "train_accuracy": 0.7787701270847338,
            "train_f1": 0.7688004633810265,
            "train_precision": 0.7753144467392918,
            "train_recall": 0.7653573840450023,
            "val_loss": 0.47041172390022584,
            "val_accuracy": 0.7693748199366177,
            "val_f1": 0.7561786607104877,
            "val_precision": 0.76875,
            "val_recall": 0.7514529970691304
        },
        {
            "epoch": 10,
            "train_loss": 0.43363510439513436,
            "train_accuracy": 0.7871570792919107,
            "train_f1": 0.7776946758410628,
            "train_precision": 0.7840923927026038,
            "train_recall": 0.7742084514701714,
            "val_loss": 0.47262988019786123,
            "val_accuracy": 0.7696629213483146,
            "val_f1": 0.7540891313134626,
            "val_precision": 0.7728850275377084,
            "val_recall": 0.7485163245896505
        }
    ],
    "train_loss": [
        0.5591622226598474,
        0.5242686752702149,
        0.5125223433505863,
        0.5016824604492639,
        0.4910462780355949,
        0.48007706509051645,
        0.46965980773240745,
        0.4606226567155115,
        0.4451751951695862,
        0.43363510439513436
    ],
    "train_scores": {
        "train_accuracy": [
            0.6945324754313519,
            0.7267678222734403,
            0.7369474054867313,
            0.7424213323089728,
            0.7518966676270047,
            0.7572105381094145,
            0.7640129325522584,
            0.7691827523288197,
            0.7787701270847338,
            0.7871570792919107
        ],
        "train_f1": [
            0.6828463332299142,
            0.7151744325943703,
            0.7250758174049866,
            0.7297964911117798,
            0.7397173463052633,
            0.7448319220023,
            0.7528184553246291,
            0.7576788614823502,
            0.7688004633810265,
            0.7776946758410628
        ],
        "train_precision": [
            0.6853202049399774,
            0.7195360741775856,
            0.730713424984167,
            0.7372678044349944,
            0.7474876053914736,
            0.7536766689456273,
            0.7601241525850273,
            0.7663087052683595,
            0.7753144467392918,
            0.7840923927026038
        ],