{
    "experiment": {
        "run_name": "esm2_solubility_20260623_155220",
        "dataset": "unknown",
        "stage": "stage0_frozen",
        "model_family": "ESM-2 + 1D-CNN"
    },
    "hyperparameters": {
        "batch_size": null,
        "num_epochs": null,
        "learning_rate": 0.001,
        "esm_learning_rate": null,
        "early_stopping_patience": null,
        "seed": null,
        "num_classes": 2,
        "data_dir": null,
        "results_dir": null,
        "checkpoint_dir": null
    },
    "model": {
        "esm_model": "esm2_t6_8M_UR50D",
        "embedding_dim": 320,
        "classifier": "1D-CNN",
        "cnn_kernel_sizes": [
            3,
            5,
            7
        ],
        "cnn_num_filters": 64,
        "cnn_dropout": 0.3,
        "unfreeze_esm": false,
        "unfreeze_layers": 0,
        "fine_tuning_strategy": "frozen_backbone"
    },
    "summary": {
        "best_epoch": 1,
        "best_val_loss": 0.6628503428594508,
        "best_val_accuracy": 0.7448861999423797,
        "best_val_f1": 0.7248107748144916,
        "best_val_precision": 0.7488559415329823,
        "best_val_recall": 0.7199080673797069,
        "final_train_loss": 0.7637589787642328,
        "final_train_accuracy": 0.6875060021127437,
        "final_train_f1": 0.6745669000468565,
        "final_train_precision": 0.6779063552748394,
        "final_train_recall": 0.6729329036313396,
        "final_val_loss": 0.6628503428594508,
        "final_val_accuracy": 0.7448861999423797,
        "final_val_f1": 0.7248107748144916,
        "final_val_precision": 0.7488559415329823,
        "final_val_recall": 0.7199080673797069,
        "epochs_completed": 1
    },
    "epochs": [
        {
            "epoch": 1,
            "train_loss": 0.7637589787642328,
            "train_accuracy": 0.6875060021127437,
            "train_f1": 0.6745669000468565,
            "train_precision": 0.6779063552748394,
            "train_recall": 0.6729329036313396,
            "val_loss": 0.6628503428594508,
            "val_accuracy": 0.7448861999423797,
            "val_f1": 0.7248107748144916,
            "val_precision": 0.7488559415329823,
            "val_recall": 0.7199080673797069
        }
    ],
    "train_loss": [
        0.7637589787642328
    ],
    "train_scores": {
        "accuracy": [
            0.6875060021127437
        ],
        "f1": [
            0.6745669000468565
        ],
        "precision": [
            0.6779063552748394
        ],
        "recall": [
            0.6729329036313396
        ]
    },
    "val_loss": [
        0.6628503428594508
    ],
    "val_scores": {
        "accuracy": [
            0.7448861999423797
        ],
        "f1": [
            0.7248107748144916
        ],
        "precision": [
            0.7488559415329823
        ],
        "recall": [
            0.7199080673797069
        ]
    }
}