{
    "experiment": {
        "run_name": "esm2_solubility_20260624_043923",
        "dataset": "unknown",
        "stage": "stage0_frozen",
        "model_family": "ESM-2 + 1D-CNN"
    },
    "hyperparameters": {
        "batch_size": null,
        "num_epochs": null,
        "learning_rate": 0.0001,
        "esm_learning_rate": null,
        "early_stopping_patience": null,
        "seed": null,
        "num_classes": 2,
        "data_dir": null,
        "results_dir": null,
        "checkpoint_dir": null
    },
    "model": {
        "esm_model": "esm2_t6_8M_UR50D",
        "embedding_dim": 320,
        "classifier": "1D-CNN",
        "cnn_kernel_sizes": [
            3,
            5,
            7
        ],
        "cnn_num_filters": 64,
        "cnn_dropout": 0.3,
        "unfreeze_esm": true,
        "unfreeze_layers": 1,
        "fine_tuning_strategy": "frozen_backbone"
    },
    "summary": {
        "best_epoch": 9,
        "best_val_loss": 0.45268842787374547,
        "best_val_accuracy": 0.773552290406223,
        "best_val_f1": 0.7606148527646754,
        "best_val_precision": 0.7743896235801857,
        "best_val_recall": 0.7573914535005524,
        "final_train_loss": 0.4488169499018281,
        "final_train_accuracy": 0.7760331636736131,
        "final_train_f1": 0.7665960160951273,
        "final_train_precision": 0.7716985666907878,
        "final_train_recall": 0.7636615153645556,
        "final_val_loss": 0.45275550194874337,
        "final_val_accuracy": 0.773552290406223,
        "final_val_f1": 0.759923695290847,
        "final_val_precision": 0.7743896235801857,
        "final_val_recall": 0.754792754791304,
        "epochs_completed": 10
    },
    "epochs": [
        {
            "epoch": 1,
            "train_loss": 0.5690947538454004,
            "train_accuracy": 0.681711962610839,
            "train_f1": 0.6674836750787663,
            "train_precision": 0.671780234304437,
            "train_recall": 0.6657084919381098,
            "val_loss": 0.4967331194795222,
            "val_accuracy": 0.7445980985306828,
            "val_f1": 0.7370124344561798,
            "val_precision": 0.7373983634051418,
            "val_recall": 0.7366579296685161
        },
        {
            "epoch": 2,
            "train_loss": 0.5146356603705471,
            "train_accuracy": 0.7305771631614328,
            "train_f1": 0.7208772198638725,
            "train_precision": 0.7230297591562201,
            "train_recall": 0.7194201498833409,
            "val_loss": 0.479299336877836,
            "val_accuracy": 0.7585710169979832,
            "val_f1": 0.750719743991992,
            "val_precision": 0.7519507094220628,
            "val_recall": 0.7497256656538689
        },
        {
            "epoch": 3,
            "train_loss": 0.4970538458697469,
            "train_accuracy": 0.7446781267005986,
            "train_f1": 0.7342050083872513,
            "train_precision": 0.7383216061971636,
            "train_recall": 0.7318635413215051,
            "val_loss": 0.4757148310336099,
            "val_accuracy": 0.7620282339383463,
            "val_f1": 0.7464254253298097,
            "val_precision": 0.7635056011978448,
            "val_recall": 0.7412792654948024
        },
        {
            "epoch": 4,
            "train_loss": 0.4863538338913655,
            "train_accuracy": 0.7513204648036109,
            "train_f1": 0.7412307821916133,
            "train_precision": 0.7452737068500549,
            "train_recall": 0.7388692986725858,
            "val_loss": 0.4640042265782708,
            "val_accuracy": 0.7641889945260731,
            "val_f1": 0.7531975307968991,
            "val_precision": 0.7601031103718158,
            "val_recall": 0.749795086601245
        },
        {
            "epoch": 5,
            "train_loss": 0.4782252716270207,
            "train_accuracy": 0.7575146451550946,
            "train_f1": 0.7468111356618325,
            "train_precision": 0.7524558900438317,
            "train_recall": 0.7438529349026659,
            "val_loss": 0.4583129337581072,
            "val_accuracy": 0.7656295015845578,
            "val_f1": 0.7547986078014605,
            "val_precision": 0.761550593468965,
            "val_recall": 0.751423044085075
        },
        {
            "epoch": 6,
            "train_loss": 0.4707541119808119,
            "train_accuracy": 0.7632446621210666,
            "train_f1": 0.7527532625973972,
            "train_precision": 0.7585912887018842,
            "train_recall": 0.7496786461158194,
            "val_loss": 0.4598439361917258,
            "val_accuracy": 0.7672140593488909,
            "val_f1": 0.756223558568206,
            "val_precision": 0.7634894460599683,
            "val_recall": 0.7526847815373561
        },
        {
            "epoch": 7,
            "train_loss": 0.4636872582414238,
            "train_accuracy": 0.7658375748263389,
            "train_f1": 0.7561353785523621,
            "train_precision": 0.7607599243444214,
            "train_recall": 0.7534542297081339,
            "val_loss": 0.4559068908477159,
            "val_accuracy": 0.7690867185249207,
            "val_f1": 0.7576983874111978,
            "val_precision": 0.7660491651969219,
            "val_recall": 0.7538508571801612
        },
        {
            "epoch": 8,
            "train_loss": 0.4582994845208071,
            "train_accuracy": 0.7710874227728161,
            "train_f1": 0.7612633336603266,
            "train_precision": 0.7666267662533923,
            "train_recall": 0.7582748916867003,
            "val_loss": 0.4538061524728476,
            "val_accuracy": 0.7706712762892538,
            "val_f1": 0.7569046501427777,
            "val_precision": 0.771144992488809,
            "val_recall": 0.7518797204217482
        },
        {
            "epoch": 9,
            "train_loss": 0.4512717844811048,
            "train_accuracy": 0.7739844425237684,
            "train_f1": 0.7641194755240284,
            "train_precision": 0.7698694326458271,
            "train_recall": 0.7609731231521935,
            "val_loss": 0.4526884278737454,
            "val_accuracy": 0.7708153269951022,
            "val_f1": 0.7606148527646754,
            "val_precision": 0.7666859122401848,
            "val_recall": 0.7573914535005524
        },
        {
            "epoch": 10,
            "train_loss": 0.4488169499018281,
            "train_accuracy": 0.7760331636736131,
            "train_f1": 0.7665960160951273,
            "train_precision": 0.7716985666907878,
            "train_recall": 0.7636615153645556,
            "val_loss": 0.4527555019487433,
            "val_accuracy": 0.773552290406223,
            "val_f1": 0.759923695290847,
            "val_precision": 0.7743896235801857,
            "val_recall": 0.754792754791304
        }
    ],
    "train_loss": [
        0.5690947538454004,
        0.5146356603705471,
        0.4970538458697469,
        0.4863538338913655,
        0.4782252716270207,
        0.4707541119808119,
        0.4636872582414238,
        0.4582994845208071,
        0.4512717844811048,
        0.4488169499018281
    ],
    "train_scores": {
        "accuracy": [
            0.681711962610839,
            0.7305771631614328,
            0.7446781267005986,
            0.7513204648036109,
            0.7575146451550946,
            0.7632446621210666,
            0.7658375748263389,
            0.7710874227728161,
            0.7739844425237684,
            0.7760331636736131
        ],
        "f1": [
            0.6674836750787663,
            0.7208772198638725,
            0.7342050083872513,
            0.7412307821916133,
            0.7468111356618325,
            0.7527532625973972,
            0.7561353785523621,
            0.7612633336603266,
            0.7641194755240284,
            0.7665960160951273
        ],