{
    "hyperparameters": {
        "model": "ESM2 + CNN",
        "esm_model": "esm2_t6_8M_UR50D",
        "device": "cuda",
        "dataset": "localization",
        "num_classes": 10,
        "learning_rate": 0.0001,
        "esm_learning_rate": 1e-06,
        "epochs": 10,
        "early_stopping_patience": 5,
        "classifier_head": "cnn",
        "unfreeze_all_esm": true,
        "unfreeze_esm": false,
        "unfreeze_layers": 0,
        "fine_tuning_strategy": "full_backbone",
        "embedding_dim": 320,
        "cnn_num_filters": 64,
        "cnn_kernel_sizes": [
            3,
            5,
            7
        ]
    },
    "summary": {
        "best_val_loss": 0.7451756284115784,
        "best_val_accuracy": 0.7644966204197794,
        "best_val_f1": 0.5988197629184503,
        "best_val_precision": 0.6916918343277383,
        "best_val_recall": 0.5966596513720652,
        "final_train_loss": 0.643437414935101,
        "final_train_accuracy": 0.7944180522565321,
        "final_train_f1": 0.6075739583019737,
        "final_train_precision": 0.7201247912421048,
        "final_train_recall": 0.606177583801376,
        "final_val_loss": 0.7477276737355086,
        "final_val_accuracy": 0.7644966204197794,
        "final_val_f1": 0.5988197629184503,
        "final_val_precision": 0.6605095764428879,
        "final_val_recall": 0.5966596513720652,
        "best_epoch": 9,
        "epochs_trained": 10
    },
    "epochs": [
        {
            "epoch": 1,
            "train_loss": 1.6559362734994318,
            "train_accuracy": 0.4326603325415677,
            "train_f1": 0.21992579070648904,
            "train_precision": 0.25789189974538285,
            "train_recall": 0.23409832828554372,
            "val_loss": 1.0892259674675933,
            "val_accuracy": 0.6182853077196727,
            "val_f1": 0.3309078967505844,
            "val_precision": 0.299380762423967,
            "val_recall": 0.37275190485497944
        },
        {
            "epoch": 2,
            "train_loss": 1.1262599937794668,
            "train_accuracy": 0.6153206650831354,
            "train_f1": 0.3729350722791996,
            "train_precision": 0.3846510233682635,
            "train_recall": 0.38765133157812026,
            "val_loss": 0.9476128133868439,
            "val_accuracy": 0.6570615439345429,
            "val_f1": 0.3903191628514362,
            "val_precision": 0.4718061875017181,
            "val_recall": 0.4166204868571362
        },
        {
            "epoch": 3,
            "train_loss": 0.9840606948022942,
            "train_accuracy": 0.6709026128266034,
            "train_f1": 0.44769768223029327,
            "train_precision": 0.4677587993573075,
            "train_recall": 0.4555970197859113,
            "val_loss": 0.8575579025570981,
            "val_accuracy": 0.7043756670224119,
            "val_f1": 0.4783840523836774,
            "val_precision": 0.5009504451594122,
            "val_recall": 0.48579268100945017
        },
        {
            "epoch": 4,
            "train_loss": 0.9057944739079996,
            "train_accuracy": 0.7030878859857482,
            "train_f1": 0.48183012523198654,
            "train_precision": 0.5039166427331981,
            "train_recall": 0.49022820073358647,
            "val_loss": 0.8155896110620233,
            "val_accuracy": 0.7289220917822838,
            "val_f1": 0.5155250402369704,
            "val_precision": 0.5123259828955133,
            "val_recall": 0.525673264849501
        },
        {
            "epoch": 5,
            "train_loss": 0.8401179899658799,
            "train_accuracy": 0.7251781472684086,
            "train_f1": 0.5147888160456489,
            "train_precision": 0.5584967645145233,
            "train_recall": 0.5230748639329181,
            "val_loss": 0.7771388907514681,
            "val_accuracy": 0.7395944503735326,
            "val_f1": 0.5299303678869258,
            "val_precision": 0.5197426651258398,
            "val_recall": 0.5440433678987779
        },
        {
            "epoch": 6,
            "train_loss": 0.7926460161614113,
            "train_accuracy": 0.7420427553444181,
            "train_f1": 0.5318475402977041,
            "train_precision": 0.5774212322395998,
            "train_recall": 0.5413156966387591,
            "val_loss": 0.7853743664698579,
            "val_accuracy": 0.7488438278192814,
            "val_f1": 0.5345918230681288,
            "val_precision": 0.52124065770543,
            "val_recall": 0.5501203572107183
        },
        {
            "epoch": 7,
            "train_loss": 0.740180838184479,
            "train_accuracy": 0.7595011876484561,
            "train_f1": 0.5587089560848735,
            "train_precision": 0.6844510052971797,
            "train_recall": 0.5644956635328263,
            "val_loss": 0.7586641942603323,
            "val_accuracy": 0.752045535396656,
            "val_f1": 0.5380130641176354,
            "val_precision": 0.5252310917855105,
            "val_recall": 0.5528329583839382
        },
        {
            "epoch": 8,
            "train_loss": 0.7126727994736585,
            "train_accuracy": 0.7699524940617577,
            "train_f1": 0.5713082508914994,
            "train_precision": 0.6211110480116063,
            "train_recall": 0.575528270043473,
            "val_loss": 0.7507458308732153,
            "val_accuracy": 0.7620064034151548,
            "val_f1": 0.5793254615380945,
            "val_precision": 0.6161345141827107,
            "val_recall": 0.5771474258582817
        },
        {
            "epoch": 9,
            "train_loss": 0.6863642529693255,
            "train_accuracy": 0.7786223277909738,
            "train_f1": 0.5856128972075115,
            "train_precision": 0.678497343463738,
            "train_recall": 0.5878161342329554,
            "val_loss": 0.7451756284115784,
            "val_accuracy": 0.7620064034151548,
            "val_f1": 0.596896872011244,
            "val_precision": 0.6916918343277383,
            "val_recall": 0.58609726751461
        },
        {
            "epoch": 10,
            "train_loss": 0.643437414935101,
            "train_accuracy": 0.7944180522565321,
            "train_f1": 0.6075739583019737,
            "train_precision": 0.7201247912421048,
            "train_recall": 0.606177583801376,
            "val_loss": 0.7477276737355086,
            "val_accuracy": 0.7644966204197794,
            "val_f1": 0.5988197629184503,
            "val_precision": 0.6605095764428879,
            "val_recall": 0.5966596513720652
        }
    ],
    "train_loss": [
        1.6559362734994318,
        1.1262599937794668,
        0.9840606948022942,
        0.9057944739079996,
        0.8401179899658799,
        0.7926460161614113,
        0.740180838184479,
        0.7126727994736585,
        0.6863642529693255,
        0.643437414935101
    ],
    "train_scores": {
        "train_accuracy": [
            0.4326603325415677,
            0.6153206650831354,
            0.6709026128266034,
            0.7030878859857482,
            0.7251781472684086,
            0.7420427553444181,
            0.7595011876484561,
            0.7699524940617577,
            0.7786223277909738,
            0.7944180522565321
        ],
        "train_f1": [
            0.21992579070648904,
            0.3729350722791996,
            0.44769768223029327,
            0.48183012523198654,
            0.5147888160456489,
            0.5318475402977041,
            0.5587089560848735,
            0.5713082508914994,
            0.5856128972075115,
            0.6075739583019737
        ],
        "train_precision": [
            0.25789189974538285,
            0.3846510233682635,
            0.4677587993573075,
            0.5039166427331981,
            0.5584967645145233,
            0.5774212322395998,
            0.6844510052971797,
            0.6211110480116063,
            0.678497343463738,
            0.7201247912421048
        ],