{
    "hyperparameters": {
        "model": "ESM2 + CNN",
        "esm_model": "esm2_t6_8M_UR50D",
        "device": "cuda",
        "dataset": "esm2_solubility_20260705_221654",
        "num_classes": 2,
        "learning_rate": 0.001,
        "esm_learning_rate": 1e-05,
        "epochs": 10,
        "early_stopping_patience": 5,
        "classifier_head": "gru",
        "unfreeze_esm": false,
        "unfreeze_layers": 0,
        "fine_tuning_strategy": "frozen_backbone",
        "embedding_dim": 320,
        "cnn_num_filters": 64,
        "cnn_kernel_sizes": [
            3,
            5,
            7
        ]
    },
    "summary": {
        "best_val_loss": 0.4664259775786356,
        "best_val_accuracy": 0.7667819072313454,
        "best_val_f1": 0.7594433670685015,
        "best_val_precision": 0.7651971027742406,
        "best_val_recall": 0.7602376696749077,
        "final_train_loss": 0.3129928412018451,
        "final_train_accuracy": 0.8586382406607126,
        "final_train_f1": 0.8539775594140601,
        "final_train_precision": 0.8558885144691544,
        "final_train_recall": 0.8523982322213863,
        "final_val_loss": 0.5656246542587259,
        "final_val_accuracy": 0.7509363295880149,
        "final_val_f1": 0.7408889275068852,
        "final_val_precision": 0.7448245869687973,
        "final_val_recall": 0.738569971152119,
        "best_epoch": 4,
        "epochs_trained": 9
    },
    "epochs": [
        {
            "epoch": 1,
            "train_loss": 0.5225777804317303,
            "train_accuracy": 0.719133134863472,
            "train_f1": 0.7083303703842893,
            "train_precision": 0.7111657805726956,
            "train_recall": 0.7066291139649574,
            "val_loss": 0.5045124074349755,
            "val_accuracy": 0.7453183520599251,
            "val_f1": 0.7192865674613049,
            "val_precision": 0.759767868534899,
            "val_recall": 0.7144989083374687
        },
        {
            "epoch": 2,
            "train_loss": 0.4852557413709301,
            "train_accuracy": 0.750440154934537,
            "train_f1": 0.7402720034789199,
            "train_precision": 0.7443695466793127,
            "train_recall": 0.7378962534801043,
            "val_loss": 0.4761406438691275,
            "val_accuracy": 0.7584269662921348,
            "val_f1": 0.7525143423043796,
            "val_precision": 0.7517428831986874,
            "val_recall": 0.7534717087238706
        },
        {
            "epoch": 3,
            "train_loss": 0.4670377178148637,
            "train_accuracy": 0.7627644931015718,
            "train_f1": 0.7528856122931709,
            "train_precision": 0.7575479677899979,
            "train_recall": 0.7502132084875266,
            "val_loss": 0.4764848684179618,
            "val_accuracy": 0.7571305099394987,
            "val_f1": 0.7531640363984502,
            "val_precision": 0.7517980493056627,
            "val_recall": 0.7568656548929821
        },
        {
            "epoch": 4,
            "train_loss": 0.44820570144396893,
            "train_accuracy": 0.7743525721053811,
            "train_f1": 0.7651122094839937,
            "train_precision": 0.7696651764133846,
            "train_recall": 0.7623988572159708,
            "val_loss": 0.4664259775786356,
            "val_accuracy": 0.7653414001728609,
            "val_f1": 0.7594433670685015,
            "val_precision": 0.758773430435739,
            "val_recall": 0.7602376696749077
        },
        {
            "epoch": 5,
            "train_loss": 0.42857318477235284,
            "train_accuracy": 0.7879413553570856,
            "train_f1": 0.7791505924563853,
            "train_precision": 0.7841448077053231,
            "train_recall": 0.7761708296406724,
            "val_loss": 0.4737455188060686,
            "val_accuracy": 0.7663497551138001,
            "val_f1": 0.757912259070547,
            "val_precision": 0.7604182237592718,
            "val_recall": 0.7561556582338919
        },
        {
            "epoch": 6,
            "train_loss": 0.4031994560769212,
            "train_accuracy": 0.8021543583341336,
            "train_f1": 0.7946351694506688,
            "train_precision": 0.7982826994102892,
            "train_recall": 0.7921704128722653,
            "val_loss": 0.48297994219899726,
            "val_accuracy": 0.7667819072313454,
            "val_f1": 0.7539555638296948,
            "val_precision": 0.7651971027742406,
            "val_recall": 0.7495219256269966
        },
        {
            "epoch": 7,
            "train_loss": 0.374212906362725,
            "train_accuracy": 0.822241428983002,
            "train_f1": 0.8156661392192858,
            "train_precision": 0.8190823319863995,
            "train_recall": 0.8132434313872491,
            "val_loss": 0.5395162362038814,
            "val_accuracy": 0.7530970901757419,
            "val_f1": 0.7407668043133157,
            "val_precision": 0.748963946586248,
            "val_recall": 0.7371912378561344
        },
        {
            "epoch": 8,
            "train_loss": 0.34437564617731203,
            "train_accuracy": 0.8424405390697526,
            "train_f1": 0.836875389144434,
            "train_precision": 0.8397230359522918,
            "train_recall": 0.8347172539513129,
            "val_loss": 0.5669276035532423,
            "val_accuracy": 0.756266205704408,
            "val_f1": 0.7429861045467436,
            "val_precision": 0.7535643907398895,
            "val_recall": 0.73888200273673
        },
        {
            "epoch": 9,
            "train_loss": 0.3129928412018451,
            "train_accuracy": 0.8586382406607126,
            "train_f1": 0.8539775594140601,
            "train_precision": 0.8558885144691544,
            "train_recall": 0.8523982322213863,
            "val_loss": 0.5656246542587259,
            "val_accuracy": 0.7509363295880149,
            "val_f1": 0.7408889275068852,
            "val_precision": 0.7448245869687973,
            "val_recall": 0.738569971152119
        }
    ],
    "train_loss": [
        0.5225777804317303,
        0.4852557413709301,
        0.4670377178148637,
        0.44820570144396893,
        0.42857318477235284,
        0.4031994560769212,
        0.374212906362725,
        0.34437564617731203,
        0.3129928412018451
    ],
    "train_scores": {
        "train_accuracy": [
            0.719133134863472,
            0.750440154934537,
            0.7627644931015718,
            0.7743525721053811,
            0.7879413553570856,
            0.8021543583341336,
            0.822241428983002,
            0.8424405390697526,
            0.8586382406607126
        ],
        "train_f1": [
            0.7083303703842893,
            0.7402720034789199,
            0.7528856122931709,
            0.7651122094839937,
            0.7791505924563853,
            0.7946351694506688,
            0.8156661392192858,
            0.836875389144434,
            0.8539775594140601
        ],
        "train_precision": [
            0.7111657805726956,
            0.7443695466793127,
            0.7575479677899979,
            0.7696651764133846,
            0.7841448077053231,
            0.7982826994102892,
            0.8190823319863995,
            0.8397230359522918,
            0.8558885144691544
        ],
        "train_recall": [
            0.7066291139649574,
            0.7378962534801043,
            0.7502132084875266,
            0.7623988572159708,
            0.7761708296406724,
            0.7921704128722653,
            0.8132434313872491,
            0.8347172539513129,
            0.8523982322213863
        ]
    },
    "val_loss": [
        0.5045124074349755,
        0.4761406438691275,
        0.4764848684179618,
        0.4664259775786356,
        0.4737455188060686,
        0.48297994219899726,
        0.5395162362038814,
        0.5669276035532423,
        0.5656246542587259
    ],