{
    "hyperparameters": {
        "model": "ESM2 + CNN",
        "esm_model": "esm2_t6_8M_UR50D",
        "device": "cuda",
        "dataset": "localization",
        "num_classes": 10,
        "learning_rate": 0.0001,
        "esm_learning_rate": 1e-06,
        "epochs": 10,
        "early_stopping_patience": 5,
        "classifier_head": "cnn",
        "unfreeze_all_esm": false,
        "unfreeze_esm": true,
        "unfreeze_layers": 2,
        "fine_tuning_strategy": "last_2_layers",
        "embedding_dim": 320,
        "cnn_num_filters": 64,
        "cnn_kernel_sizes": [
            3,
            5,
            7
        ]
    },
    "summary": {
        "best_val_loss": 0.7584423727398231,
        "best_val_accuracy": 0.7406616862326574,
        "best_val_f1": 0.5611815468557347,
        "best_val_precision": 0.6045093196665344,
        "best_val_recall": 0.5643738402821856,
        "final_train_loss": 0.7633108281207039,
        "final_train_accuracy": 0.746437054631829,
        "final_train_f1": 0.5480079890813994,
        "final_train_precision": 0.6440113900036228,
        "final_train_recall": 0.5512409219040701,
        "final_val_loss": 0.7584423727398231,
        "final_val_accuracy": 0.7406616862326574,
        "final_val_f1": 0.5611815468557347,
        "final_val_precision": 0.6026708525572431,
        "final_val_recall": 0.5643738402821856,
        "best_epoch": 10,
        "epochs_trained": 10
    },
    "epochs": [
        {
            "epoch": 1,
            "train_loss": 1.8167025609758367,
            "train_accuracy": 0.3739904988123515,
            "train_f1": 0.1732352253490969,
            "train_precision": 0.19091203882831165,
            "train_recall": 0.19087208517318288,
            "val_loss": 1.2993117962032557,
            "val_accuracy": 0.5667022411953042,
            "val_f1": 0.291796106472997,
            "val_precision": 0.271960833198275,
            "val_recall": 0.3310263239345973
        },
        {
            "epoch": 2,
            "train_loss": 1.2974621089178877,
            "train_accuracy": 0.5536817102137768,
            "train_f1": 0.3065542762547415,
            "train_precision": 0.38539515245708045,
            "train_recall": 0.32853316767720697,
            "val_loss": 1.0277383420616388,
            "val_accuracy": 0.6293134115972964,
            "val_f1": 0.35346649712865086,
            "val_precision": 0.3562277429610502,
            "val_recall": 0.38526592329612547
        },
        {
            "epoch": 3,
            "train_loss": 1.1130841868086603,
            "train_accuracy": 0.6201900237529692,
            "train_f1": 0.3924434618199256,
            "train_precision": 0.4322595378232382,
            "train_recall": 0.40166922904781777,
            "val_loss": 0.936071097215807,
            "val_accuracy": 0.6627534685165422,
            "val_f1": 0.40460374672119964,
            "val_precision": 0.4812031924314656,
            "val_recall": 0.43071751966195854
        },
        {
            "epoch": 4,
            "train_loss": 1.0130136339895186,
            "train_accuracy": 0.6508313539192399,
            "train_f1": 0.4297836842754963,
            "train_precision": 0.5084773639020017,
            "train_recall": 0.43559609641448266,
            "val_loss": 0.887431862340732,
            "val_accuracy": 0.688367129135539,
            "val_f1": 0.4618987306143386,
            "val_precision": 0.4933208150607692,
            "val_recall": 0.4673398775530505
        },
        {
            "epoch": 5,
            "train_loss": 0.9568873718522305,
            "train_accuracy": 0.6736342042755344,
            "train_f1": 0.45150265889291524,
            "train_precision": 0.4655155946534485,
            "train_recall": 0.459884924231894,
            "val_loss": 0.8523321508599276,
            "val_accuracy": 0.7104233368907862,
            "val_f1": 0.498155293585368,
            "val_precision": 0.5007984584049672,
            "val_recall": 0.5039152251708849
        },
        {
            "epoch": 6,
            "train_loss": 0.9121132051922113,
            "train_accuracy": 0.6957244655581948,
            "train_f1": 0.48542048120518266,
            "train_precision": 0.5324174421944409,
            "train_recall": 0.49265936107144553,
            "val_loss": 0.8387340021489019,
            "val_accuracy": 0.7143365350409107,
            "val_f1": 0.5036261683374872,
            "val_precision": 0.501535168715628,
            "val_recall": 0.5119019986810385
        },
        {
            "epoch": 7,
            "train_loss": 0.8677504722601549,
            "train_accuracy": 0.7093824228028504,
            "train_f1": 0.5021356864442662,
            "train_precision": 0.5288913387825401,
            "train_recall": 0.5089217910427255,
            "val_loss": 0.8023282653461634,
            "val_accuracy": 0.7242974030594095,
            "val_f1": 0.5172793937215625,
            "val_precision": 0.5625115552098492,
            "val_recall": 0.5232914794866094
        },
        {
            "epoch": 8,
            "train_loss": 0.8311274301621222,
            "train_accuracy": 0.7231591448931116,
            "train_f1": 0.5183744771022198,
            "train_precision": 0.5515402091113056,
            "train_recall": 0.5248190128339082,
            "val_loss": 0.7850994132988324,
            "val_accuracy": 0.7285663464959089,
            "val_f1": 0.5156269530947897,
            "val_precision": 0.5661009761464294,
            "val_recall": 0.5213462194638447
        },
        {
            "epoch": 9,
            "train_loss": 0.7928903590343482,
            "train_accuracy": 0.7376484560570071,
            "train_f1": 0.5385710880242776,
            "train_precision": 0.5899684491688498,
            "train_recall": 0.5411462067490171,
            "val_loss": 0.7729401424823498,
            "val_accuracy": 0.7328352899324084,
            "val_f1": 0.5385758673888936,
            "val_precision": 0.6045093196665344,
            "val_recall": 0.5398518994526091
        },
        {
            "epoch": 10,
            "train_loss": 0.7633108281207039,
            "train_accuracy": 0.746437054631829,
            "train_f1": 0.5480079890813994,
            "train_precision": 0.6440113900036228,
            "train_recall": 0.5512409219040701,
            "val_loss": 0.7584423727398231,
            "val_accuracy": 0.7406616862326574,
            "val_f1": 0.5611815468557347,
            "val_precision": 0.6026708525572431,
            "val_recall": 0.5643738402821856
        }
    ],
    "train_loss": [
        1.8167025609758367,
        1.2974621089178877,
        1.1130841868086603,
        1.0130136339895186,
        0.9568873718522305,
        0.9121132051922113,
        0.8677504722601549,
        0.8311274301621222,
        0.7928903590343482,
        0.7633108281207039
    ],
    "train_scores": {
        "train_accuracy": [
            0.3739904988123515,
            0.5536817102137768,
            0.6201900237529692,
            0.6508313539192399,
            0.6736342042755344,
            0.6957244655581948,
            0.7093824228028504,
            0.7231591448931116,
            0.7376484560570071,
            0.746437054631829
        ],
        "train_f1": [
            0.1732352253490969,
            0.3065542762547415,
            0.3924434618199256,
            0.4297836842754963,
            0.45150265889291524,
            0.48542048120518266,
            0.5021356864442662,
            0.5183744771022198,
            0.5385710880242776,
            0.5480079890813994
        ],
        "train_precision": [
            0.19091203882831165,
            0.38539515245708045,
            0.4322595378232382,
            0.5084773639020017,
            0.4655155946534485,
            0.5324174421944409,
            0.5288913387825401,
            0.5515402091113056,
            0.5899684491688498,
            0.6440113900036228
        ],