{
    "hyperparameters": {
        "model": "ESM2 + CNN",
        "esm_model": "esm2_t6_8M_UR50D",
        "device": "cuda",
        "dataset": "localization",
        "num_classes": 10,
        "learning_rate": 0.0001,
        "esm_learning_rate": 1e-06,
        "epochs": 10,
        "early_stopping_patience": 5,
        "classifier_head": "cnn",
        "unfreeze_all_esm": false,
        "unfreeze_esm": true,
        "unfreeze_layers": 1,
        "fine_tuning_strategy": "last_1_layers",
        "embedding_dim": 320,
        "cnn_num_filters": 64,
        "cnn_kernel_sizes": [
            3,
            5,
            7
        ]
    },
    "summary": {
        "best_val_loss": 0.7680571254088797,
        "best_val_accuracy": 0.7367484880825329,
        "best_val_f1": 0.5578524002230212,
        "best_val_precision": 0.6077326893864959,
        "best_val_recall": 0.5603337536413081,
        "final_train_loss": 0.7836399926349832,
        "final_train_accuracy": 0.7377672209026128,
        "final_train_f1": 0.537962909074953,
        "final_train_precision": 0.5831868593581471,
        "final_train_recall": 0.5418867894167027,
        "final_val_loss": 0.7680571254088797,
        "final_val_accuracy": 0.7367484880825329,
        "final_val_f1": 0.5578524002230212,
        "final_val_precision": 0.587404601807183,
        "final_val_recall": 0.5603337536413081,
        "best_epoch": 10,
        "epochs_trained": 10
    },
    "epochs": [
        {
            "epoch": 1,
            "train_loss": 1.820168128841516,
            "train_accuracy": 0.37327790973871733,
            "train_f1": 0.1731550968264408,
            "train_precision": 0.18523997426712174,
            "train_recall": 0.19051251050657717,
            "val_loss": 1.303528897294944,
            "val_accuracy": 0.5656350053361793,
            "val_f1": 0.29146780369396497,
            "val_precision": 0.27027164766842365,
            "val_recall": 0.33063655566275807
        },
        {
            "epoch": 2,
            "train_loss": 1.3083967685247055,
            "train_accuracy": 0.5502375296912114,
            "train_f1": 0.3003990530765932,
            "train_precision": 0.3761086991428809,
            "train_recall": 0.32419819752682966,
            "val_loss": 1.0429221121382646,
            "val_accuracy": 0.6229099964425472,
            "val_f1": 0.34398489893963397,
            "val_precision": 0.3483539122398648,
            "val_recall": 0.37881316494601674
        },
        {
            "epoch": 3,
            "train_loss": 1.131544923363872,
            "train_accuracy": 0.6109263657957245,
            "train_f1": 0.37984412409894946,
            "train_precision": 0.42715047241792786,
            "train_recall": 0.391325250297048,
            "val_loss": 0.9516703433103182,
            "val_accuracy": 0.6591960156527926,
            "val_f1": 0.39626374642733986,
            "val_precision": 0.376454901404301,
            "val_recall": 0.42323239850590644
        },
        {
            "epoch": 4,
            "train_loss": 1.0306728398551073,
            "train_accuracy": 0.6409738717339667,
            "train_f1": 0.4208245095680951,
            "train_precision": 0.47771003616188673,
            "train_recall": 0.4263821126995138,
            "val_loss": 0.9002098716922443,
            "val_accuracy": 0.6762717893987905,
            "val_f1": 0.42867235492201783,
            "val_precision": 0.48307035963899836,
            "val_recall": 0.4438776039949686
        },
        {
            "epoch": 5,
            "train_loss": 0.9775000072351216,
            "train_accuracy": 0.6621140142517815,
            "train_f1": 0.44150957657045814,
            "train_precision": 0.466765392298403,
            "train_recall": 0.4482771305066183,
            "val_loss": 0.8684759270928969,
            "val_accuracy": 0.7004624688722875,
            "val_f1": 0.4826930428916908,
            "val_precision": 0.49430897190527745,
            "val_recall": 0.4882047944023532
        },
        {
            "epoch": 6,
            "train_loss": 0.9298251943638022,
            "train_accuracy": 0.6844418052256532,
            "train_f1": 0.47462765040723537,
            "train_precision": 0.5220101676740124,
            "train_recall": 0.4806630618594768,
            "val_loss": 0.8534857740768612,
            "val_accuracy": 0.7050871575951618,
            "val_f1": 0.49296770980042914,
            "val_precision": 0.4953002973519884,
            "val_recall": 0.49985320287084756
        },
        {
            "epoch": 7,
            "train_loss": 0.8883620859662767,
            "train_accuracy": 0.6983372921615202,
            "train_f1": 0.49162901440567086,
            "train_precision": 0.5366486836977625,
            "train_recall": 0.49626151894528225,
            "val_loss": 0.8193963891244493,
            "val_accuracy": 0.7210956954820349,
            "val_f1": 0.5075248519678667,
            "val_precision": 0.5112436553889015,
            "val_recall": 0.5131116494501226
        },
        {
            "epoch": 8,
            "train_loss": 0.8505240099140544,
            "train_accuracy": 0.7152019002375297,
            "train_f1": 0.5111223711049552,
            "train_precision": 0.5404517724103544,
            "train_recall": 0.5166707795158388,
            "val_loss": 0.7954249660727907,
            "val_accuracy": 0.7253646389185343,
            "val_f1": 0.5249210281873173,
            "val_precision": 0.5903697118393103,
            "val_recall": 0.5237111319291325
        },
        {
            "epoch": 9,
            "train_loss": 0.8130367959246916,
            "train_accuracy": 0.7299287410926366,
            "train_f1": 0.5296428153622093,
            "train_precision": 0.5735924648032282,
            "train_recall": 0.5335643399991543,
            "val_loss": 0.7847074098086027,
            "val_accuracy": 0.7299893276414088,
            "val_f1": 0.5458738031439498,
            "val_precision": 0.6077326893864959,
            "val_recall": 0.5406359962042715
        },
        {
            "epoch": 10,
            "train_loss": 0.7836399926349832,
            "train_accuracy": 0.7377672209026128,
            "train_f1": 0.537962909074953,
            "train_precision": 0.5831868593581471,
            "train_recall": 0.5418867894167027,
            "val_loss": 0.7680571254088797,
            "val_accuracy": 0.7367484880825329,
            "val_f1": 0.5578524002230212,
            "val_precision": 0.587404601807183,
            "val_recall": 0.5603337536413081
        }
    ],
    "train_loss": [
        1.820168128841516,
        1.3083967685247055,
        1.131544923363872,
        1.0306728398551073,
        0.9775000072351216,
        0.9298251943638022,
        0.8883620859662767,
        0.8505240099140544,
        0.8130367959246916,
        0.7836399926349832
    ],
    "train_scores": {
        "train_accuracy": [
            0.37327790973871733,
            0.5502375296912114,
            0.6109263657957245,
            0.6409738717339667,
            0.6621140142517815,
            0.6844418052256532,
            0.6983372921615202,
            0.7152019002375297,
            0.7299287410926366,
            0.7377672209026128
        ],
        "train_f1": [
            0.1731550968264408,
            0.3003990530765932,
            0.37984412409894946,
            0.4208245095680951,
            0.44150957657045814,
            0.47462765040723537,
            0.49162901440567086,
            0.5111223711049552,
            0.5296428153622093,
            0.537962909074953
        ],