{
    "hyperparameters": {
        "model": "ESM2 + CNN",
        "esm_model": "esm2_t6_8M_UR50D",
        "device": "cuda",
        "dataset": "solubility",
        "num_classes": 2,
        "learning_rate": 0.0001,
        "esm_learning_rate": 1e-06,
        "epochs": 10,
        "early_stopping_patience": 5,
        "classifier_head": "cnn",
        "unfreeze_all_esm": false,
        "unfreeze_esm": true,
        "unfreeze_layers": 2,
        "fine_tuning_strategy": "last_2_layers",
        "embedding_dim": 320,
        "cnn_num_filters": 64,
        "cnn_kernel_sizes": [
            3,
            5,
            7
        ]
    },
    "summary": {
        "best_val_loss": 0.4596752953556825,
        "best_val_accuracy": 0.7726879861711322,
        "best_val_f1": 0.7617412275035333,
        "best_val_precision": 0.77109904843419,
        "best_val_recall": 0.7579697338323221,
        "final_train_loss": 0.4605313422127356,
        "final_train_accuracy": 0.7688306283811902,
        "final_train_f1": 0.7589927598066242,
        "final_train_precision": 0.7641554334548337,
        "final_train_recall": 0.7560934235478206,
        "final_val_loss": 0.46063913662450107,
        "final_val_accuracy": 0.7715355805243446,
        "final_val_f1": 0.7584801667024668,
        "final_val_precision": 0.77109904843419,
        "final_val_recall": 0.7536990015245301,
        "best_epoch": 9,
        "epochs_trained": 10
    },
    "epochs": [
        {
            "epoch": 1,
            "train_loss": 0.5766632547108373,
            "train_accuracy": 0.6756138160632542,
            "train_f1": 0.6607136723488751,
            "train_precision": 0.6652831008529538,
            "train_recall": 0.6589793177361059,
            "val_loss": 0.5056949071757805,
            "val_accuracy": 0.7385479688850476,
            "val_f1": 0.7335474896114602,
            "val_precision": 0.7323077359842066,
            "val_recall": 0.7360217487678529
        },
        {
            "epoch": 2,
            "train_loss": 0.5240311096747919,
            "train_accuracy": 0.7238227856205385,
            "train_f1": 0.7146310806238882,
            "train_precision": 0.7159138392030906,
            "train_recall": 0.7136565662397205,
            "val_loss": 0.4879408764399691,
            "val_accuracy": 0.7552578507634687,
            "val_f1": 0.7436864373730909,
            "val_precision": 0.7506860958131156,
            "val_recall": 0.7403679182206733
        },
        {
            "epoch": 3,
            "train_loss": 0.5082816361770435,
            "train_accuracy": 0.7373315407023272,
            "train_f1": 0.7270269349278607,
            "train_precision": 0.7303611443846065,
            "train_recall": 0.7250259641397439,
            "val_loss": 0.4820391117908438,
            "val_accuracy": 0.7587150677038318,
            "val_f1": 0.7418777173198223,
            "val_precision": 0.7613366898392496,
            "val_recall": 0.736623880549889
        },
        {
            "epoch": 4,
            "train_loss": 0.49762149949995715,
            "train_accuracy": 0.7431255802042319,
            "train_f1": 0.7330724175294753,
            "train_precision": 0.7364484242084166,
            "train_recall": 0.7310208626774173,
            "val_loss": 0.471839746674909,
            "val_accuracy": 0.7651973494670123,
            "val_f1": 0.755449102976661,
            "val_precision": 0.760088008101508,
            "val_recall": 0.7527666188926527
        },
        {
            "epoch": 5,
            "train_loss": 0.49051903609887587,
            "train_accuracy": 0.7500560197189411,
            "train_f1": 0.7394174035238901,
            "train_precision": 0.744246884991326,
            "train_recall": 0.7367886440301337,
            "val_loss": 0.4690028618557662,
            "val_accuracy": 0.7667819072313454,
            "val_f1": 0.7558490733348564,
            "val_precision": 0.7629438411724705,
            "val_recall": 0.7523629362970006
        },
        {
            "epoch": 6,
            "train_loss": 0.4829364399980186,
            "train_accuracy": 0.7550977944236371,
            "train_f1": 0.7443349924825089,
            "train_precision": 0.7498466732092841,
            "train_recall": 0.7414416299437354,
            "val_loss": 0.4671906454977901,
            "val_accuracy": 0.7677902621722846,
            "val_f1": 0.7567332719375185,
            "val_precision": 0.7642087092684113,
            "val_recall": 0.7531302361720257
        },
        {
            "epoch": 7,
            "train_loss": 0.4754220831924608,
            "train_accuracy": 0.7590191747495119,
            "train_f1": 0.7488937354033731,
            "train_precision": 0.7536518492682025,
            "train_recall": 0.7462157810526768,
            "val_loss": 0.4622929431669723,
            "val_accuracy": 0.7726879861711322,
            "val_f1": 0.7617412275035333,
            "val_precision": 0.7696096614074808,
            "val_recall": 0.7579697338323221
        },
        {
            "epoch": 8,
            "train_loss": 0.4704165693014746,
            "train_accuracy": 0.7644770959377701,
            "train_f1": 0.7543476773824584,
            "train_precision": 0.7596296426865528,
            "train_recall": 0.7514434933388825,
            "val_loss": 0.4615972557444177,
            "val_accuracy": 0.7686545664073754,
            "val_f1": 0.7577010112927737,
            "val_precision": 0.7650677122086706,
            "val_recall": 0.7541168072508408
        },
        {
            "epoch": 9,
            "train_loss": 0.4644874118487905,
            "train_accuracy": 0.7659976311661705,
            "train_f1": 0.7556987671568881,
            "train_precision": 0.761456796765831,
            "train_recall": 0.7526232034072398,
            "val_loss": 0.4596752953556825,
            "val_accuracy": 0.7690867185249207,
            "val_f1": 0.7600526813370994,
            "val_precision": 0.7637537736962976,
            "val_recall": 0.7577205096444769
        },
        {
            "epoch": 10,
            "train_loss": 0.4605313422127356,
            "train_accuracy": 0.7688306283811902,
            "train_f1": 0.7589927598066242,
            "train_precision": 0.7641554334548337,
            "train_recall": 0.7560934235478206,
            "val_loss": 0.46063913662450107,
            "val_accuracy": 0.7715355805243446,
            "val_f1": 0.7584801667024668,
            "val_precision": 0.77109904843419,
            "val_recall": 0.7536990015245301
        }
    ],
    "train_loss": [
        0.5766632547108373,
        0.5240311096747919,
        0.5082816361770435,
        0.49762149949995715,
        0.49051903609887587,
        0.4829364399980186,
        0.4754220831924608,
        0.4704165693014746,
        0.4644874118487905,
        0.4605313422127356
    ],
    "train_scores": {
        "train_accuracy": [
            0.6756138160632542,
            0.7238227856205385,
            0.7373315407023272,
            0.7431255802042319,
            0.7500560197189411,
            0.7550977944236371,
            0.7590191747495119,
            0.7644770959377701,
            0.7659976311661705,
            0.7688306283811902
        ],
        "train_f1": [
            0.6607136723488751,
            0.7146310806238882,
            0.7270269349278607,
            0.7330724175294753,
            0.7394174035238901,
            0.7443349924825089,
            0.7488937354033731,
            0.7543476773824584,
            0.7556987671568881,
            0.7589927598066242
        ],
        "train_precision": [
            0.6652831008529538,
            0.7159138392030906,
            0.7303611443846065,
            0.7364484242084166,
            0.744246884991326,
            0.7498466732092841,
            0.7536518492682025,
            0.7596296426865528,
            0.761456796765831,
            0.7641554334548337
        ],