{
  "hyperparameters": {
    "batch_size": 32,
    "num_epochs": 100,
    "shuffle": true,
    "dropout": 0.1,
    "patience": 10,
    "lr_patience": 3,
    "learning_rate": 0.0001,
    "embedding_dim": 512,
    "cnn_out_channels": 256,
    "hidden_dim": 512,
    "latent_dim": 256,
    "kernel_size": 5,
    "num_layers": 3,
    "bidirectional": true,
    "grad_clip": true,
    "condition_decoder_on_latent": true,
    "teacher_forcing_dropout_rate": 0.0,
    "use_decoder_positional_embeddings": false,
    "max_decoder_positions": 1024,
    "max_encoder_positions": 1024,
    "num_heads": 8,
    "dim_feedforward": 2048,
    "scheduler_factor": 0.1
  },
  "curriculum": {
    "type": "none",
    "epochs": 0,
    "start_fraction": 0.2
  },
  "artifact_suffix": "transformer",
  "epochs": [
    {
      "epoch": 1,
      "train_loss": 2.7941419149563167,
      "train_accuracy": 0.13186697612800427,
      "train_f1": 0.13147056969840692,
      "curriculum_fraction": 1.0,
      "curriculum_examples": 41746,
      "learning_rate": 0.0001,
      "grad_norm_pre_clip_mean": 0.7807010252128616,
      "grad_norm_pre_clip_max": 2.616027593612671,
      "learning_rate_after_scheduler": 0.0001,
      "val_loss": 2.7239970832002496,
      "val_accuracy": 0.1483919032668579
    },
    {
      "epoch": 2,
      "train_loss": 2.6921846293944163,
      "train_accuracy": 0.1525570321997643,
      "train_f1": 0.15523572493915588,
      "curriculum_fraction": 1.0,
      "curriculum_examples": 41746,
      "learning_rate": 0.0001,
      "grad_norm_pre_clip_mean": 1.5593861080677573,
      "grad_norm_pre_clip_max": 2.976605176925659,
      "learning_rate_after_scheduler": 0.0001,
      "val_loss": 2.6511806574122376,
      "val_accuracy": 0.1599300272470868
    },
    {
      "epoch": 3,
      "train_loss": 2.612878968897831,
      "train_accuracy": 0.16805544946227696,
      "train_f1": 0.17028840086681368,
      "curriculum_fraction": 1.0,
      "curriculum_examples": 41746,
      "learning_rate": 0.0001,
      "grad_norm_pre_clip_mean": 2.290864760665601,
      "grad_norm_pre_clip_max": 3.758329153060913,
      "learning_rate_after_scheduler": 0.0001,
      "val_loss": 2.553753011493988,
      "val_accuracy": 0.18494708160961268
    },
    {
      "epoch": 4,
      "train_loss": 2.543538024137947,
      "train_accuracy": 0.1814233145710637,
      "train_f1": 0.1835632462138368,
      "curriculum_fraction": 1.0,
      "curriculum_examples": 41746,
      "learning_rate": 0.0001,
      "grad_norm_pre_clip_mean": 2.8841145359236617,
      "grad_norm_pre_clip_max": 4.646202087402344,
      "learning_rate_after_scheduler": 0.0001,
      "val_loss": 2.50523278841429,
      "val_accuracy": 0.1861219376947289
    },
    {
      "epoch": 5,
      "train_loss": 2.5053576963381516,
      "train_accuracy": 0.18825178910602605,
      "train_f1": 0.19036796334056527,
      "curriculum_fraction": 1.0,
      "curriculum_examples": 41746,
      "learning_rate": 0.0001,
      "grad_norm_pre_clip_mean": 3.282946959674587,
      "grad_norm_pre_clip_max": 4.561910152435303,
      "learning_rate_after_scheduler": 0.0001,
      "val_loss": 2.4721970232761463,
      "val_accuracy": 0.19707363096354155
    },
    {
      "epoch": 6,
      "train_loss": 2.482416616907708,
      "train_accuracy": 0.1923700875047406,
      "train_f1": 0.19438024698813017,
      "curriculum_fraction": 1.0,
      "curriculum_examples": 41746,
      "learning_rate": 0.0001,
      "grad_norm_pre_clip_mean": 3.5528803297386315,
      "grad_norm_pre_clip_max": 4.942709922790527,
      "learning_rate_after_scheduler": 0.0001,
      "val_loss": 2.455445747957836,
      "val_accuracy": 0.1938283154279149
    },
    {
      "epoch": 7,
      "train_loss": 2.46439817397892,
      "train_accuracy": 0.19573806685825432,
      "train_f1": 0.19758852115129796,
      "curriculum_fraction": 1.0,
      "curriculum_examples": 41746,
      "learning_rate": 0.0001,
      "grad_norm_pre_clip_mean": 3.7485650733056195,
      "grad_norm_pre_clip_max": 5.38667106628418,
      "learning_rate_after_scheduler": 0.0001,
      "val_loss": 2.4353441518090917,
      "val_accuracy": 0.19991901671128062
    },
    {
      "epoch": 8,
      "train_loss": 2.4499059934780423,
      "train_accuracy": 0.19838216026026292,
      "train_f1": 0.20003781640951607,
      "curriculum_fraction": 1.0,
      "curriculum_examples": 41746,
      "learning_rate": 0.0001,
      "grad_norm_pre_clip_mean": 3.896819263947878,
      "grad_norm_pre_clip_max": 5.430907726287842,
      "learning_rate_after_scheduler": 0.0001,
      "val_loss": 2.433833990119245,
      "val_accuracy": 0.202298648815769
    },
    {
      "epoch": 9,
      "train_loss": 2.4374581324437097,
      "train_accuracy": 0.20080874066245366,
      "train_f1": 0.20238438095416145,
      "curriculum_fraction": 1.0,
      "curriculum_examples": 41746,
      "learning_rate": 0.0001,
      "grad_norm_pre_clip_mean": 4.032776755300062,
      "grad_norm_pre_clip_max": 5.754849910736084,
      "learning_rate_after_scheduler": 0.0001,
      "val_loss": 2.418217043880709,
      "val_accuracy": 0.20569256669153346
    }
  ],
  "train_loss": [
    2.7941419149563167,
    2.6921846293944163,
    2.612878968897831,
    2.543538024137947,
    2.5053576963381516,
    2.482416616907708,
    2.46439817397892,
    2.4499059934780423,
    2.4374581324437097
  ],
  "train_scores": {
    "accuracy": [
      0.13186697612800427,
      0.1525570321997643,
      0.16805544946227696,
      0.1814233145710637,
      0.18825178910602605,
      0.1923700875047406,
      0.19573806685825432,
      0.19838216026026292,
      0.20080874066245366
    ],
    "f1": [
      0.13147056969840692,
      0.15523572493915588,
      0.17028840086681368,
      0.1835632462138368,
      0.19036796334056527,
      0.19438024698813017,
      0.19758852115129796,
      0.20003781640951607,
      0.20238438095416145
    ]
  },
  "val_loss": [
    2.7239970832002496,
    2.6511806574122376,
    2.553753011493988,
    2.50523278841429,
    2.4721970232761463,
    2.455445747957836,
    2.4353441518090917,
    2.433833990119245,
    2.418217043880709
  ],
  "val_scores": {
    "accuracy": [
      0.1483919032668579,
      0.1599300272470868,
      0.18494708160961268,
      0.1861219376947289,
      0.19707363096354155,
      0.1938283154279149,
      0.19991901671128062,
      0.202298648815769,
      0.20569256669153346
    ]
  },
  "autoregressive_val": []
}